,title,date,link
0,鑫业润滑油党支部开展“勿忘国耻 铭记九一八”主题党日系列活动,2020-09-18,http://www.lube-info.com/2020/0918/9571.html
1,珠海市政协副主席陈仁福一行莅临顺益科技园调研指导工作,2020-09-18,http://www.lube-info.com/2020/0918/9570.html
2,嘉实多将与捷豹车队延续长期战略合作伙伴关系,2020-09-18,http://www.lube-info.com/2020/0918/9568.html
3,阿联酋8月减产执行率仅为10%,2020-09-18,http://www.lube-info.com/2020/0918/9567.html
4,引能仕品牌推荐会（南宁站）顺利举办,2020-09-17,http://www.lube-info.com/2020/0917/9565.html
5,2020年GS加德士润滑油经销商大会盛大召开,2020-09-17,http://www.lube-info.com/2020/0917/9564.html
6,“爱心为梦想插翅，青春随希望启航”――广东卫士为汕头一中学子捐...,2020-09-17,http://www.lube-info.com/2020/0917/9563.html
7,阿联酋8月进一步提高产量 几乎完全无视OPEC+减产承诺,2020-09-17,http://www.lube-info.com/2020/0917/9562.html
8,粗白油和进口轻循环油揭开逃避消费税的面纱,2020-09-17,http://www.lube-info.com/2020/0917/9561.html
9,突破！海油发展与中国石油大学成立海上风电研究中心,2020-09-17,http://www.lube-info.com/2020/0917/9560.html
10,2020 Automechanika Shanghai展会筹备顺利进行中，一手掌握精彩资讯,2020-09-16,http://www.lube-info.com/2020/0916/9559.html
11,新经济时代，螺杆空压机降本增效需要什么样的机油？,2020-09-16,http://www.lube-info.com/2020/0916/9558.html
12,中国石化首次举办“中国石化在沙特”云开放日活动,2020-09-16,http://www.lube-info.com/2020/0916/9557.html
13,欧洲基础油：价格延续上涨,2020-09-16,http://www.lube-info.com/2020/0916/9556.html
14,恒逸石化：136.54亿美元投建文莱炼化二期项目,2020-09-16,http://www.lube-info.com/2020/0916/9555.html
15,花旗预计布伦特原油到2021年年底将重返每桶60美元,2020-09-15,http://www.lube-info.com/2020/0915/9553.html
16,中国有望主导全球风机润滑油市场复苏,2020-09-15,http://www.lube-info.com/2020/0915/9552.html
17,又一波绿色化工厂要来了！第五批绿色制造名单公示,2020-09-15,http://www.lube-info.com/2020/0915/9551.html
18,沙特阿美股价上涨！超越苹果再次成为全球市值TOP1,2020-09-15,http://www.lube-info.com/2020/0915/9550.html
19,港证监：天合化工涉IPO造假或涉赔偿35亿港元,2020-09-15,http://www.lube-info.com/2020/0915/9549.html
20,2020中国润滑油技术创新及行业发展论坛（第五届）绽放花城广州！,2020-09-15,http://www.lube-info.com/2020/0915/9548.html
21,关怀车队用户 河南黑豹物流园壳牌维保中心正式开业,2020-09-14,http://www.lube-info.com/2020/0914/9547.html
22,新模式助力ASITON 润滑油亚洲新飞跃,2020-09-14,http://www.lube-info.com/2020/0914/9546.html
23,可兰素与一汽解放合作打造国六核心竞争力,2020-09-14,http://www.lube-info.com/2020/0914/9545.html
24,斯伦贝谢与IBM宣布重大合作！改变石油行业“游戏规则”？,2020-09-14,http://www.lube-info.com/2020/0914/9544.html
25,超润滑性：固体润滑技术的新纪元？,2020-09-14,http://www.lube-info.com/2020/0914/9543.html
26,英国石油公司：石油需求增长的时代已经结束,2020-09-14,http://www.lube-info.com/2020/0914/9542.html
27,加速布局新能源 福斯中国市场战略升级,2020-09-11,http://www.lube-info.com/2020/0911/9540.html
28,泰州市委常委、常务副市长曹卫东调研东方能源,2020-09-11,http://www.lube-info.com/2020/0911/9539.html
29,中国原油储备量激增 超额达成了既定目标,2020-09-11,http://www.lube-info.com/2020/0911/9538.html
